-- MySQL dump 10.13  Distrib 5.5.34, for debian-linux-gnu (i686)
--
-- Host: localhost    Database: shop
-- ------------------------------------------------------
-- Server version	5.5.34-0ubuntu0.12.04.1

/*!40101 SET @OLD_CHARACTER_SET_CLIENT=@@CHARACTER_SET_CLIENT */;
/*!40101 SET @OLD_CHARACTER_SET_RESULTS=@@CHARACTER_SET_RESULTS */;
/*!40101 SET @OLD_COLLATION_CONNECTION=@@COLLATION_CONNECTION */;
/*!40101 SET NAMES utf8 */;
/*!40103 SET @OLD_TIME_ZONE=@@TIME_ZONE */;
/*!40103 SET TIME_ZONE='+00:00' */;
/*!40014 SET @OLD_UNIQUE_CHECKS=@@UNIQUE_CHECKS, UNIQUE_CHECKS=0 */;
/*!40014 SET @OLD_FOREIGN_KEY_CHECKS=@@FOREIGN_KEY_CHECKS, FOREIGN_KEY_CHECKS=0 */;
/*!40101 SET @OLD_SQL_MODE=@@SQL_MODE, SQL_MODE='NO_AUTO_VALUE_ON_ZERO' */;
/*!40111 SET @OLD_SQL_NOTES=@@SQL_NOTES, SQL_NOTES=0 */;

--
-- Table structure for table `address`
--

DROP TABLE IF EXISTS `address`;
/*!40101 SET @saved_cs_client     = @@character_set_client */;
/*!40101 SET character_set_client = utf8 */;
CREATE TABLE `address` (
  `address_id` int(11) unsigned NOT NULL AUTO_INCREMENT,
  `city_id` int(11) unsigned DEFAULT NULL,
  `region_id` int(11) unsigned DEFAULT NULL,
  `postal_code` varchar(255) CHARACTER SET utf8 COLLATE utf8_bin DEFAULT NULL,
  `street` varchar(255) CHARACTER SET utf8 COLLATE utf8_bin DEFAULT NULL,
  `home_number` int(6) unsigned DEFAULT NULL,
  `flat` int(6) unsigned DEFAULT NULL,
  PRIMARY KEY (`address_id`)
) ENGINE=InnoDB AUTO_INCREMENT=64 DEFAULT CHARSET=utf8;
/*!40101 SET character_set_client = @saved_cs_client */;


CREATE TABLE `stores` (
  `store_id` int(11) unsigned NOT NULL AUTO_INCREMENT,
  `name` varchar(255) CHARACTER SET utf8 COLLATE utf8_bin NOT NULL,
  `address_id` int(11) unsigned DEFAULT NULL,
  PRIMARY KEY (`store_id`)
) ENGINE=InnoDB AUTO_INCREMENT=1 DEFAULT CHARSET=utf8;


CREATE TABLE `product_store` (
  `product_store_id` int(11) unsigned NOT NULL AUTO_INCREMENT,
  `store_id` int(11) unsigned NOT NULL,
  `sku` varchar(255) CHARACTER SET utf8 COLLATE utf8_bin DEFAULT NULL,
  `qty` int(11) unsigned DEFAULT NULL,
  PRIMARY KEY (`product_store_id`)
) ENGINE=InnoDB AUTO_INCREMENT=1 DEFAULT CHARSET=utf8;
/*!40101 SET charact-+r_set_client = @saved_cs_client */;

ALTER TABLE product_store ADD CONSTRAINT
FOREIGN KEY (store_id)
   REFERENCES stores (store_id)
   ON DELETE CASCADE
   ON UPDATE CASCADE;

--
-- Dumping data for table `address`
--

LOCK TABLES `address` WRITE;
/*!40000 ALTER TABLE `address` DISABLE KEYS */;
INSERT INTO `address` VALUES (49,73,5,'1','4',1,1),(50,73,5,'1','4',6,6),(51,73,5,'','',0,0),(52,73,5,'1','1',1,1),(53,73,5,'4','1',2,3),(54,73,5,'4','1',1,1),(55,78,5,'1','2',3,1),(56,73,5,'1','1',4,3),(57,73,5,'1','1',2,3),(58,73,5,'3','1',2,3),(59,73,5,'1','1',1,1),(60,73,5,'1','1',131,12),(61,73,5,'12','1',1,1),(62,98,1149,'112','21',32,2),(63,73,5,'1','1',1,1);
/*!40000 ALTER TABLE `address` ENABLE KEYS */;
UNLOCK TABLES;

--
-- Table structure for table `admins`
--

DROP TABLE IF EXISTS `admins`;
/*!40101 SET @saved_cs_client     = @@character_set_client */;
/*!40101 SET character_set_client = utf8 */;
CREATE TABLE `admins` (
  `admin_id` int(11) unsigned NOT NULL AUTO_INCREMENT,
  `name` varchar(255) CHARACTER SET utf8 COLLATE utf8_bin DEFAULT NULL,
  `password` varchar(32) CHARACTER SET utf8 COLLATE utf8_bin NOT NULL,
  PRIMARY KEY (`admin_id`)
) ENGINE=InnoDB AUTO_INCREMENT=2 DEFAULT CHARSET=utf8;
/*!40101 SET character_set_client = @saved_cs_client */;

--
-- Dumping data for table `admins`
--

LOCK TABLES `admins` WRITE;
/*!40000 ALTER TABLE `admins` DISABLE KEYS */;
INSERT INTO `admins` VALUES (1,'admin','21232f297a57a5a743894a0e4a801fc3');
/*!40000 ALTER TABLE `admins` ENABLE KEYS */;
UNLOCK TABLES;

--
-- Table structure for table `city`
--

DROP TABLE IF EXISTS `city`;
/*!40101 SET @saved_cs_client     = @@character_set_client */;
/*!40101 SET character_set_client = utf8 */;
CREATE TABLE `city` (
  `city_id` int(11) unsigned NOT NULL AUTO_INCREMENT,
  `country_id` int(11) unsigned NOT NULL DEFAULT '0',
  `region_id` int(10) unsigned NOT NULL DEFAULT '0',
  `name` varchar(128) NOT NULL DEFAULT '',
  PRIMARY KEY (`city_id`),
  KEY `country_id` (`country_id`),
  KEY `region_id` (`region_id`)
) ENGINE=InnoDB AUTO_INCREMENT=11566041 DEFAULT CHARSET=latin1;
/*!40101 SET character_set_client = @saved_cs_client */;

--
-- Dumping data for table `city`
--

LOCK TABLES `city` WRITE;
/*!40000 ALTER TABLE `city` DISABLE KEYS */;
INSERT INTO `city` VALUES (73,63,72,'Âèëëà÷'),(74,63,72,'Êëàãåíôóðò'),(76,63,75,'Âåíåð-Íîéøòàäò'),(78,63,77,'Ãðàö'),(94,81,82,'Áàëàõàíû'),(95,81,82,'Áàíê'),(96,81,82,'Áàðäà'),(97,81,82,'Áåëîêàíû'),(98,81,82,'Áèíàãàäè'),(99,81,82,'Áèðìàé'),(100,81,82,'Áóçîâíà'),(101,81,82,'Âàðòàøåí'),(102,81,82,'Ãàäðóò'),(103,81,82,'Ãåîê÷àé'),(104,81,82,'Ãîáóñòàí'),(105,81,82,'Ãîðàäèç'),(106,81,82,'Ãýòðãÿí'),(107,81,82,'Äàëüìàìåäëè'),(122,81,82,'Êàçè-Ìàãîìåä'),(123,81,82,'Êàðà÷àëà'),(124,81,82,'Êàñóì-Èñìàèëîâ'),(125,81,82,'Êàõè'),(126,81,82,'Êåäàáåê'),(127,81,82,'Êåëüáàäæàð'),(128,81,82,'Êåðãåç'),(129,81,82,'Êèðîâîáàä'),(298,248,272,'Ñåííî'),(299,248,272,'Òîëî÷èí'),(300,248,272,'Óøà÷è'),(301,248,272,'×àøíèêè'),(302,248,272,'Øàðêîâùèíà'),(303,248,272,'Øóìèëèíî'),(305,248,304,'Áåëèöê'),(415,404,413,'Êóðòðà'),(418,404,417,'Ãåíê'),(421,404,419,'Ñåðàèíã'),(423,404,422,'Ëà-Ëþâüåð'),(424,404,422,'Øàðëåðóà'),(561,467,554,'Ïåëîòàñ'),(562,467,554,'Ïîðòó-Àëåãðè'),(563,467,554,'Ðèî-Ãðàíäå'),(564,467,554,'Ñàí-Ëåîïîëüäî'),(565,467,554,'Ñàíòàíà-äî-Ëèâðàìåíòî'),(566,467,554,'Ñàíòî-Àíãåëî'),(567,467,554,'Óðóãâàéÿíà'),(569,467,568,'Ïîðòó-Âåëüþ'),(571,467,570,'Àðàêàòóáà'),(572,467,570,'Àðàðàêâèðà'),(573,467,570,'Áàððåòîñ'),(589,467,570,'Ñàí-Ïàóëó'),(590,467,570,'Ñàí-Õîñå-äî-Ðèî-Ïðåòî'),(591,467,570,'Ñàíòîñ'),(592,467,570,'Ñîðîêàáà'),(593,467,570,'Òàóáàòè'),(594,467,570,'Ôðàíêà'),(596,467,595,'Àðàãóàðè'),(597,467,595,'Áëóìåíàó'),(619,616,617,'Àéëåñáþðè'),(620,616,617,'Àêêðèíãòîí'),(621,616,617,'Àëäåðøîò'),(622,616,617,'Àëòðèí÷àì'),(623,616,617,'Àíäîâåð'),(624,616,617,'Àøòîí-àíäåð-Ëèí'),(625,616,617,'Àøòîí-èí-Ìàêåðôèëä'),(626,616,617,'Áàéäôîðä'),(627,616,617,'Áàíáåðè'),(628,616,617,'Áàíñòåä'),(629,616,617,'Áàðíëè'),(630,616,617,'Áàðíñëè'),(631,616,617,'Áàðíñòàïë'),(632,616,617,'Áàððîó-èí-Ôàðíåññ'),(633,616,617,'Áàðòîí-îí-Òðåíò'),(634,616,617,'Áàñ'),(635,616,617,'Áàñèíãñòîê'),(636,616,617,'Áàòëè'),(637,616,617,'Áåâåðëè'),(638,616,617,'Áåäâîðò'),(639,616,617,'Áåäôîðä'),(640,616,617,'Áåêñëè'),(652,616,617,'Áðàéòîí'),(678,616,617,'Âèñáå÷'),(683,616,617,'Ãåéòøèä'),(684,616,617,'Ãëîññîï'),(685,616,617,'Ãëî÷åñòåð'),(686,616,617,'Ãîäàëìèíã'),(687,616,617,'Ãîëáîðí'),(688,616,617,'Ãîñïîðò'),(689,616,617,'Ãîñôîðò'),(690,616,617,'Ãðàíòõåì'),(724,616,617,'Êîë÷åñòåð'),(725,616,617,'Êîðáè'),(811,616,617,'Ñëîóã'),(884,616,881,'Áåëôàñò'),(885,616,881,'Êîëåðàéí'),(886,616,881,'Ëîíäîíäåððè'),(887,616,881,'Íüþðè'),(888,616,881,'Íüþòàóíàááè'),(890,616,889,'Àáåðäàð'),(891,616,889,'Áàððè'),(900,616,899,'Àáåðäèí'),(901,616,899,'Àéðäðè'),(949,924,947,'Íàãèêàíèøà'),(1063,1012,1053,'Ýðôóðò'),(1065,1012,1064,'Àìáåðã'),(1066,1012,1064,'Àóãñáóðã'),(1067,1012,1064,'Àøõàôôåíáóðã'),(1068,1012,1064,'Áàìáåðã'),(1069,1012,1064,'Áýéðåóò'),(1070,1012,1064,'Âåéäåí'),(1071,1012,1064,'Âþðöáóðã'),(1073,1012,1064,'Èíãîëüøòàäò'),(1074,1012,1064,'Êåìïòåí'),(1075,1012,1064,'Êîáóðã'),(1076,1012,1064,'Ëàíäñõóò'),(1077,1012,1064,'Íþðíáåðã'),(1250,1206,1246,'Äîðäðåõò'),(1251,1206,1246,'Çààíäàì'),(1306,1280,1296,'Áàêóðèàíè'),(1307,1280,1296,'Áîãäàíîâêà'),(1308,1280,1296,'Áîëíèñè'),(1309,1280,1296,'Áîðæîìè'),(1318,1280,1296,'Çåñòàôîíè'),(1319,1280,1296,'Çóãäèäè'),(1320,1280,1296,'Êàçáåãè'),(1321,1280,1296,'Êàðåëè'),(1322,1280,1296,'Êàñïè'),(1323,1280,1296,'Êâàèñè'),(1330,1280,1296,'Ëåíòåõè'),(1331,1280,1296,'Ìàðíåóëè'),(1332,1280,1296,'Ìàõàðàäçå'),(1333,1280,1296,'Ìàÿêîâñêèé'),(1334,1280,1296,'Ìåñòèà'),(1335,1280,1296,'Îíè'),(1336,1280,1296,'Îðäæîíèêèäçå'),(1370,1366,1369,'Àëüáîðã'),(1372,1366,1371,'Îðõóñ'),(1373,1366,1371,'Ðàíäåðñ'),(1375,1366,1374,'Ðîñêèëäå'),(1379,1366,1378,'Îäåíñ'),(1384,1380,1383,'Àñóàí'),(1386,1380,1385,'Àñûóò'),(1395,1393,1394,'Àðàä'),(1396,1393,1394,'Àøäîä'),(1406,1393,1403,'Ëîä'),(1412,1393,1403,'Ðèøîí-ËåÖèîí'),(1413,1393,1403,'Ðîø-õà-Àèí'),(1414,1393,1403,'Ðýõîâîò'),(1415,1393,1403,'ßâíå'),(1417,1393,1416,'Àêêî'),(1423,1393,1416,'Íàãàðèÿ'),(1424,1393,1416,'Íàöýðýò'),(1425,1393,1416,'Ñàõíèí'),(1442,1393,1440,'Ãåðöåëèÿ'),(1443,1393,1440,'Ãèâàòàèì'),(1444,1393,1440,'Êèðüÿò-Îíî'),(1445,1393,1440,'Ðàìàò-Ãàí'),(1446,1393,1440,'Ðàìàò-Õàøàðîí'),(1447,1393,1440,'Òåëü-Àâèâ'),(1448,1393,1440,'Õîëîí'),(1482,1451,1473,'Ðàè÷óð'),(1515,1451,1512,'Áõàãàëïóð'),(1516,1451,1512,'Ãýéà'),(1517,1451,1512,'Äàðáõàíãà'),(1518,1451,1512,'Êàòèõàð'),(1530,1451,1521,'Íàâñàðè'),(1531,1451,1521,'Íàäèàä'),(1532,1451,1521,'Ïàòàí'),(1533,1451,1521,'Ïîðáàíäàð'),(1541,1451,1539,'Ðàí÷è'),(1552,1451,1548,'Ãâàëèîð'),(1553,1451,1548,'Äàìîõ'),(1554,1451,1548,'Èíäàóð'),(1555,1451,1548,'Êõàíäâà'),(1556,1451,1548,'Ìàó'),(1557,1451,1548,'Ìóðâàðà'),(1558,1451,1548,'Ðàòëàì'),(1559,1451,1548,'Ðåâà'),(1560,1451,1548,'Óéÿèí'),(1562,1451,1561,'Èìôàë'),(1564,1451,1563,'Àêîëà'),(1565,1451,1563,'Àìàëüíåð'),(1566,1451,1563,'Àõàëïóð'),(1577,1451,1563,'Ìàëåãàîí'),(1578,1451,1563,'Íàãïóð'),(1579,1451,1563,'Íàíäóðáàð'),(1580,1451,1563,'Ïàíäõàðïóð'),(1581,1451,1563,'Ñàíãëè'),(1587,1451,1586,'Øèëëîíã'),(1589,1451,1588,'Ïóðè'),(1590,1451,1588,'Ðàóðêåëà'),(1592,1451,1591,'Àìðèòñàð'),(1593,1451,1591,'Áàòàëà'),(1594,1451,1591,'Ëóäõèàíà'),(1595,1451,1591,'Ïàòèàëà'),(1597,1451,1596,'Ïîíäè÷åððè'),(1599,1451,1598,'Àéìåð'),(1600,1451,1598,'Àëüâàð'),(1601,1451,1598,'Áèâàð'),(1602,1451,1598,'Áèêàíåð'),(1603,1451,1598,'Áõàðàòïóð'),(1604,1451,1598,'Áõèëâàðà'),(1605,1451,1598,'Ãàíãàíàãàð'),(1606,1451,1598,'Êîòà'),(1607,1451,1598,'Ñèêàð'),(1611,1451,1598,'×óðó'),(1643,1451,1631,'Êàíïóð'),(1644,1451,1631,'Ìàòóðà'),(1645,1451,1631,'Ìèðçàïóð'),(1646,1451,1631,'Ìîðàäàáàä'),(1650,1451,1631,'Ñàìáõàë'),(1729,1707,1728,'Ãèéîí'),(1730,1707,1728,'Îâüåäî'),(1734,1707,1731,'Ìàíðåñà'),(1735,1707,1731,'Ñàáàäåëü'),(1736,1707,1731,'Òàððàñà'),(1737,1707,1731,'Õîñïèòàëåò'),(1739,1707,1738,'Áèëüáàî'),(1741,1707,1740,'Áóðãîñ'),(1743,1707,1742,'Âàëåíñèÿ'),(1745,1707,1744,'Âàëëàäîëèä'),(1799,1786,1789,'Òàðàíòî'),(1800,1786,1789,'Òðàíè'),(1801,1786,1789,'Ôîäæèÿ'),(1803,1786,1802,'Âåðîíà'),(1804,1786,1802,'Âè÷åíöà'),(1805,1786,1802,'Òðåâèñî'),(1818,1786,1810,'Òîððå-äåëü-Ãðåêî'),(1950,1894,1942,'Êàðàòîí'),(1951,1894,1942,'Êóëüñàðû'),(1952,1894,1942,'Ìàêàò'),(1953,1894,1942,'Ìèÿëû'),(1990,1894,1974,'Íèêîëüñêèé'),(1991,1894,1974,'Ñàðûøàãàí'),(1992,1894,1974,'Òàðàç'),(2098,1894,2084,'Êîêïåêòû'),(2099,1894,2084,'Ìàêàí÷è'),(2100,1894,2084,'Íîâàÿ Øóëüáà'),(2101,1894,2084,'Ñåìèïàëàòèíñê'),(2102,1894,2084,'Òàñêåñêåí'),(2103,1894,2084,'Óðäæàð'),(2238,2172,2235,'Ôðåäåðèêòîí'),(2240,2172,2239,'Êîðíåð-Áðóê'),(2241,2172,2239,'Ñåíò-Äæîíñ'),(2243,2172,2242,'Àâðîðà'),(2244,2172,2242,'Àíêàñòåð'),(2305,2303,2304,'Àê-Øûéðàê'),(2306,2303,2304,'Àíàíüåâî'),(2309,2303,2304,'Êàäæè-Ñàé'),(2351,2303,2340,'Êàðà-Ñóó'),(2352,2303,2340,'Êàðàâàí'),(2353,2303,2340,'Êàðàìûê'),(2354,2303,2340,'Êîê-ßíãàê'),(2355,2303,2340,'Êûçûë-Êèÿ'),(2356,2303,2340,'Ìàéëè-Ñàé'),(2399,2374,2398,'Óõàíü'),(2400,2374,2398,'Øàñè'),(2402,2374,2401,'Èÿíã'),(2421,2374,2419,'Íèíãïî'),(2422,2374,2419,'Õàí÷îó'),(2423,2374,2419,'Øàîõèíü'),(2425,2374,2424,'Øàíõàé'),(2427,2374,2426,'Âåéôàíã'),(2429,2374,2428,'Òàéþàíü'),(2432,2430,2431,'Àëàãóåëà'),(2434,2430,2433,'Ëèáåðèà'),(2436,2430,2435,'Õåðåäèà'),(2438,2430,2437,'Ëèìîí'),(2440,2430,2439,'Ïóíòàðåíàñ'),(2442,2430,2441,'Ñàí-Õîñå'),(2445,2443,2444,'Àëü-ßõðà'),(2447,2443,2446,'Ýëü-Êóâåéò'),(2450,2448,2449,'Àéçïóòå'),(2451,2448,2449,'Àéíàæè'),(2469,2448,2449,'Âèëÿêà'),(2470,2448,2449,'Âèëÿíû'),(2471,2448,2449,'Ãðîáèíÿ'),(2472,2448,2449,'Ãóëáèòèñ'),(2473,2448,2449,'Ãóëüáåíå'),(2494,2448,2449,'Ìàäîíà'),(2495,2448,2449,'Îãðå'),(2496,2448,2449,'Ïëÿâèíÿñ'),(2497,2448,2449,'Ïðåéëè'),(2498,2448,2449,'Ðåçåêíå'),(2499,2448,2449,'Ðèãà'),(2500,2448,2449,'Ñàëäóñ'),(2501,2448,2449,'Ñèãóëäà'),(2502,2448,2449,'Ñòó÷êà'),(2503,2448,2449,'Òàëñè'),(2504,2448,2449,'Òóêóìñ'),(2527,2514,2515,'Âàðíÿé'),(2528,2514,2515,'Âåéñåÿé'),(2529,2514,2515,'Âèåâèñ'),(2530,2514,2515,'Âèëêàâèøêèñ'),(2533,2514,2515,'Âèëüíþñ'),(2551,2514,2515,'Éîäêðàíòå'),(2552,2514,2515,'Éîíàâà'),(2601,2514,2515,'Óêìåðãå'),(2602,2514,2515,'Óòåíà'),(2603,2514,2515,'Øàêÿé'),(2604,2514,2515,'Øàëü÷èíèíêàé'),(2605,2514,2515,'Øâåí÷åíåëÿé'),(2606,2514,2515,'Øâåí÷èîíèñ'),(2628,2617,2620,'Êîñàìàëîàïàí (äå Êàðïèî)'),(2629,2617,2620,'Ìàðòèíåñ-äå-ëà-Òîððå'),(2630,2617,2620,'Ìèíàòèòëàí'),(2631,2617,2620,'Îðèçàáà'),(2632,2617,2620,'Ïàíóêî'),(2633,2617,2620,'Ïàïàíòëà (äå Îëàðòå)'),(2634,2617,2620,'Ïîçà-Ðèêà-äå-Õèäàëüãî'),(2654,2617,2646,'Ñåëàÿ'),(2860,2837,2859,'Âàíãàðåé'),(2904,2897,2898,'Âðîöëàâ ÎÀ'),(2905,2897,2898,'Ãëîãîâ'),(2906,2897,2898,'Äçèðçîíåâ'),(2907,2897,2898,'Æåëåíÿ-Ãîðà'),(2908,2897,2898,'Çãîðçåëåö'),(2909,2897,2898,'Êëîäçêî'),(2910,2897,2898,'Ëåãíèöà'),(2911,2897,2898,'Ëþáàí'),(2912,2897,2898,'Íîâà-Ðóäà'),(2913,2897,2898,'Îëàâà'),(2914,2897,2898,'Îëåñíèöà'),(2915,2897,2898,'Ïîëêîâèöå'),(2916,2897,2898,'Ñâèáîäæèöå'),(2917,2897,2898,'Ñâèäíèöà'),(2918,2897,2898,'ßâîð'),(2920,2897,2919,'Áðîäíèöà'),(2921,2897,2919,'Áûäãîù'),(2922,2897,2919,'Âëîöëàâåê'),(2940,2897,2937,'Ãîðëèöå'),(2947,2897,2937,'Êðàêîâ (ø. óë. Âðîêëàâñêà)'),(2948,2897,2937,'Êðàêîâ (ø. óë. Ãàëëà)'),(2949,2897,2937,'Êðàêîâ (ø. óë. Êîïåðíèêà)'),(2950,2897,2937,'Êðàêîâ (ø. óë. Ñèìèðàäçêà)'),(2956,2897,2937,'Òàðíîâ'),(2957,2897,2937,'Õðçàíîâ'),(2971,2897,2958,'Íîâû-Äâîð-Ìàçîâåöêè'),(2972,2897,2958,'Îñòðîâ-Ìàçîâåöêè'),(2973,2897,2958,'Îñòðîëåêà'),(2974,2897,2958,'Îòâîê'),(2989,2897,2983,'Ñàíîê'),(2990,2897,2983,'Ñòàëîâà-Âîëà'),(2991,2897,2983,'Òàðíîáðæåã'),(2992,2897,2983,'ßðîñëàâ'),(2993,2897,2983,'ßñëî'),(2995,2897,2994,'Àóãóñòîâ'),(2996,2897,2994,'Áåëîñòîê'),(3010,2897,3003,'Ìàëüáîðê'),(3013,2897,3003,'Ñëóïñê'),(3048,2897,3018,'ßâîðçíî'),(3050,2897,3049,'Êåëüöå'),(3051,2897,3049,'Êîíñêèå'),(3054,2897,3049,'Ñêàðæèñêî-Êàìåííà'),(3055,2897,3049,'Ñòàðàõîâèöå'),(3073,2897,3068,'Êàëèø'),(3184,3159,3160,'Êëþ÷è'),(3185,3159,3160,'Êîø-Àãà÷'),(3186,3159,3160,'Êðàñíîãîðñêîå'),(3187,3159,3160,'Êðàñíîùåêîâî'),(3188,3159,3160,'Êóëóíäà'),(3189,3159,3160,'Êûòìàíîâî'),(3190,3159,3160,'Ìàìîíòîâî'),(3191,3159,3160,'Íîâè÷èõà'),(3192,3159,3160,'Íîâîàëòàéñê'),(3193,3159,3160,'Îíãóäàé'),(3205,3159,3160,'Òàáóíû'),(3207,3159,3160,'Òîï÷èõà'),(3214,3159,3160,'Óñòü-Êîêñà'),(3215,3159,3160,'Óñòü-Óëàãàí'),(3216,3159,3160,'Óñòü-×àðûøñêàÿ Ïðèñòàíü'),(3217,3159,3160,'Õàáàðû'),(3218,3159,3160,'Öåëèííîå'),(3219,3159,3160,'×àðûøñêîå'),(3220,3159,3160,'Øåáàëèíî'),(3221,3159,3160,'Øåëàáîëèõà'),(3239,3159,3223,'Ïîÿðêîâî'),(3297,3159,3296,'Àêñàêîâî'),(3298,3159,3296,'Àìçÿ'),(3303,3159,3296,'Áåëîðåöê'),(3304,3159,3296,'Áèæáóëÿê'),(3307,3159,3296,'Áîëüøåóñòüèêèíñêîå'),(3312,3159,3296,'Äàâëåêàíîâî'),(3313,3159,3296,'Äóâàí'),(3785,3159,3784,'Àíäðåàïîëü'),(3786,3159,3784,'Áåæåöê'),(3787,3159,3784,'Áåëûé'),(3788,3159,3784,'Áåëûé Ãîðîäîê'),(3789,3159,3784,'Áåðåçàéêà'),(3790,3159,3784,'Áîëîãîå'),(3791,3159,3784,'Âàñèëüåâñêèé Ìîõ'),(3792,3159,3784,'Âûïîëçîâî'),(3793,3159,3784,'Âûøíèé Âîëî÷åê'),(3794,3159,3784,'Æàðêîâñêèé'),(3795,3159,3784,'Çàïàäíàÿ Äâèíà'),(3800,3159,3784,'Êàëèíèí'),(4313,3159,4312,'Àáðàìöåâî'),(4314,3159,4312,'Àëàáèíî'),(4315,3159,4312,'Àïðåëåâêà'),(4316,3159,4312,'Àðõàíãåëüñêîå'),(4317,3159,4312,'Àøèòêîâî'),(4318,3159,4312,'Áàêøååâî'),(4319,3159,4312,'Áàëàøèõà'),(4320,3159,4312,'Áàðûáèíî'),(4321,3159,4312,'Áåëîîìóò'),(4322,3159,4312,'Áåëûå Ñòîëáû'),(4323,3159,4312,'Áîðîäèíî'),(4324,3159,4312,'Áðîííèöû'),(4325,3159,4312,'Áûêîâî'),(4326,3159,4312,'Âàëóåâî'),(4327,3159,4312,'Âåðáèëêè'),(4328,3159,4312,'Âåðåÿ'),(4329,3159,4312,'Âèäíîå'),(4330,3159,4312,'Âíóêîâî'),(4331,3159,4312,'Âîæäü Ïðîëåòàðèàòà'),(4332,3159,4312,'Âîëîêîëàìñê'),(4333,3159,4312,'Âîðîíîâî'),(4334,3159,4312,'Âîñêðåñåíñê'),(4335,3159,4312,'Âîñòî÷íûé'),(4336,3159,4312,'Âîñòðÿêîâî'),(4337,3159,4312,'Âûñîêîâñê'),(4338,3159,4312,'Ãîëèöèíî'),(4339,3159,4312,'Äåäåíåâî'),(4340,3159,4312,'Äåäîâñê'),(4341,3159,4312,'Äæåðæèíñêèé'),(4342,3159,4312,'Äìèòðîâ'),(4343,3159,4312,'Äîëãîïðóäíûé'),(4344,3159,4312,'Äîìîäåäîâî'),(4345,3159,4312,'Äîðîõîâî'),(4346,3159,4312,'Äðåçíà'),(4347,3159,4312,'Äóáêè'),(4348,3159,4312,'Äóáíà'),(4349,3159,4312,'Åãîðüåâñê'),(4350,3159,4312,'Æåëåçíîäîðîæíûé'),(4351,3159,4312,'Æèëåâî'),(4352,3159,4312,'Æóêîâñêèé'),(4353,3159,4312,'Çàãîðñê'),(4354,3159,4312,'Çàãîðÿíñêèé'),(4355,3159,4312,'Çàïðóäíàÿ'),(4356,3159,4312,'Çàðàéñê'),(4357,3159,4312,'Çâåíèãîðîä'),(4358,3159,4312,'Çåëåíîãðàä'),(4359,3159,4312,'Èâàíòååâêà'),(4360,3159,4312,'Èêøà'),(4361,3159,4312,'Èëüèíñêèé'),(4362,3159,4312,'Èñòðà'),(4363,3159,4312,'Êàëèíèíãðàä'),(4364,3159,4312,'Êàøèðà'),(4365,3159,4312,'Êåðâà'),(4366,3159,4312,'Êëèìîâñê'),(4367,3159,4312,'Êëèí'),(4368,3159,4312,'Êëÿçüìà'),(4369,3159,4312,'Êîæèíî'),(4370,3159,4312,'Êîêîøêèíî'),(4371,3159,4312,'Êîëîìíà'),(4372,3159,4312,'Êîëþáàêèíî'),(4373,3159,4312,'Êîñèíî'),(4374,3159,4312,'Êîòåëüíèêè'),(4375,3159,4312,'Êðàñêîâî'),(4376,3159,4312,'Êðàñíîàðìåéñê'),(4377,3159,4312,'Êðàñíîãîðñê'),(4378,3159,4312,'Êðàñíîçàâîäñê'),(4379,3159,4312,'Êðàñíûé Òêà÷'),(4382,3159,4312,'Êóïàâíà'),(4390,3159,4312,'Ëóêèíî'),(4400,3159,4312,'Ìîñêâà'),(4412,3159,4312,'Îæåðåëüå'),(4435,3159,4312,'Ðóçà'),(4451,3159,4312,'Òèøêîâî'),(4478,3159,4312,'Ýëåêòðîñòàëü'),(4479,3159,4312,'Ýëåêòðîóãëè'),(4480,3159,4312,'ßõðîìà'),(4811,3159,4800,'Âîëãîäîíñê'),(4812,3159,4800,'Âîñõîä'),(4813,3159,4800,'Ãèãàíò'),(4814,3159,4800,'Ãîðíÿöêèé'),(4815,3159,4800,'Ãóêîâî'),(4816,3159,4800,'Äîíåöê'),(4817,3159,4800,'Äîíñêîé'),(4818,3159,4800,'Äóáîâñêîå'),(4819,3159,4800,'Æèðíîâ'),(4820,3159,4800,'Çàâåòíîå'),(4821,3159,4800,'Çàâîäñêîé'),(4822,3159,4800,'Çâåðåâî'),(4850,3159,4800,'Ñåìèêàðàêîðñê'),(4851,3159,4800,'Òàãàíðîã'),(4852,3159,4800,'Òàðàñîâñêèé'),(4853,3159,4800,'Òàöèíñêèé'),(4876,3159,4861,'Ïóòÿòèíî'),(4877,3159,4861,'Ðûáíîå'),(4878,3159,4861,'Ðÿæñê'),(4879,3159,4861,'Ðÿçàíü'),(4880,3159,4861,'Ñàïîæîê'),(4881,3159,4861,'Ñàðàè'),(4882,3159,4861,'Ñàñîâî'),(4883,3159,4861,'Ñêîïèí'),(4946,3159,4925,'Êèðèøè'),(4947,3159,4925,'Êèðîâñê'),(4948,3159,4925,'Êîáðèíñêîå'),(4949,3159,4925,'Êîëïèíî'),(4952,3159,4925,'Ëèñèé Íîñ'),(4953,3159,4925,'Ëîäåéíîå Ïîëå'),(4954,3159,4925,'Ëîìîíîñîâ'),(4955,3159,4925,'Ëóãà'),(4956,3159,4925,'Ïàâëîâñê'),(4957,3159,4925,'Ïàðãîëîâî'),(4958,3159,4925,'Ïåòðîäâîðåö'),(4959,3159,4925,'Ïîäïîðîæüå'),(4960,3159,4925,'Ïðèîçåðñê'),(4961,3159,4925,'Ïóøêèí'),(4964,3159,4925,'Ñåñòðîðåöê'),(4965,3159,4925,'Ñëàíöû'),(4966,3159,4925,'Ñîñíîâûé Áîð'),(5208,3159,5191,'Ëåâîêóìñêîå'),(5209,3159,5191,'Ìèíåðàëüíûå Âîäû'),(5210,3159,5191,'Íåâèííîìûññê'),(5211,3159,5191,'Íåôòåêóìñê'),(5212,3159,5191,'Íîâîàëåêñàíäðîâñê'),(5213,3159,5191,'Íîâîàëåêñàíäðîâñêàÿ'),(5214,3159,5191,'Íîâîïàâëîâñê'),(5265,3159,5246,'Äåðáåøêèíñêèé'),(5266,3159,5246,'Åëàáóãà'),(5267,3159,5246,'Çàèíñê'),(5268,3159,5246,'Çåëåíîäîëüñê'),(5269,3159,5246,'Êàçàíü'),(5270,3159,5246,'Êàìñêîå Óñòüå'),(5271,3159,5246,'Êàðàáàø'),(5290,3159,5246,'×èñòîïîëü'),(5368,3159,5356,'Çàâîäîóêîâñê'),(5369,3159,5356,'Èñåòñêîå'),(5388,3159,5356,'Ñàëåõàðä'),(5389,3159,5356,'Ñëàäêîâî'),(5390,3159,5356,'Ñîâåòñêèé'),(5391,3159,5356,'Ñóðãóò'),(5392,3159,5356,'Òàçîâñêèé'),(5393,3159,5356,'Òàðêî-Ñàëå'),(5503,3159,5473,'Òóãóð'),(5506,3159,5473,'×óìèêàí'),(5524,3159,5507,'Êóíàøàê'),(5525,3159,5507,'Êóñà'),(5526,3159,5507,'Êûøòûì'),(5527,3159,5507,'Ìàãíèòîãîðñê'),(5528,3159,5507,'Ìèàññ'),(5529,3159,5507,'Îêòÿáðüñêîå'),(5530,3159,5507,'Ïëàñò'),(5583,3159,5555,'Ìîãî÷à'),(5800,5681,5752,'Åëáà'),(5801,5681,5752,'Åóôàóëà'),(5802,5681,5752,'Êàðáîí Õèëë'),(5803,5681,5752,'Êàóàðòñ'),(5804,5681,5752,'Êèíñè'),(5805,5681,5752,'Êèíñòîí'),(5806,5681,5752,'Êëàíòîí'),(5807,5681,5752,'Êëýéõàò÷è'),(5808,5681,5752,'Êîëëèíñâèëë'),(5809,5681,5752,'Êîðäîâà'),(5810,5681,5752,'Êîòòîíâóä'),(5811,5681,5752,'Êîóðòëàíä'),(5812,5681,5752,'Êðåîëà'),(5817,5681,5752,'Ëàôýéåòò'),(5818,5681,5752,'Ëåéãòîí'),(5819,5681,5752,'Ëåêñèíãòîí'),(5820,5681,5752,'Ëèïñêîìá'),(5847,5681,5752,'Îçàðê'),(5848,5681,5752,'Îíè÷à'),(5849,5681,5752,'Îïåëèêà'),(5850,5681,5752,'Îïï'),(5851,5681,5752,'Îõàò÷è'),(5852,5681,5752,'Ïàèíò Ðîê'),(5878,5681,5752,'Ñèïñè'),(5887,5681,5752,'Òðîé'),(5888,5681,5752,'Òóñêàëóñà'),(5889,5681,5752,'Òóñêåãè'),(5890,5681,5752,'Òóñêóìáèà'),(5891,5681,5752,'Óàéò-Õàëë'),(5915,5681,5752,'Õóãóëè'),(5916,5681,5752,'Õóíòñâèëë'),(5920,5681,5752,'Ýøôîðä'),(5984,5681,5983,'Àëåêñàíäåð'),(5985,5681,5983,'Àðêàíçàñ-Ñèòè'),(5986,5681,5983,'Àòêèíñ'),(5987,5681,5983,'Áàêíåð'),(6008,5681,5983,'Ãàññâèëë'),(6009,5681,5983,'Äå-Âèòò'),(6010,5681,5983,'Äåðìîòò'),(6011,5681,5983,'Äæàäñîíèà'),(6012,5681,5983,'Äæåêñîíâèëë'),(6013,5681,5983,'Åäìîíäñîí'),(6069,5681,5983,'Ñèðêè'),(6070,5681,5983,'Ñêðàíòîí'),(6071,5681,5983,'Ñìàêîâåð'),(6072,5681,5983,'Ñïðèíãäàë'),(6073,5681,5983,'Ñòàìïñ'),(6074,5681,5983,'Ñòàòòãàðò'),(6075,5681,5983,'Òîëëåòò'),(6076,5681,5983,'Òîíòèòàóí'),(6077,5681,5983,'Òýéëîð'),(6078,5681,5983,'Ôåéåòòåâèëë'),(6086,5681,5983,'Õîïïåð'),(6087,5681,5983,'Õîò-Ñïðèíãñ'),(6114,5681,6103,'Âåíàò÷è'),(6119,5681,6103,'Æåíåâà'),(6120,5681,6103,'Èíòåðñèòè'),(6187,5681,6176,'Âàéñ'),(6188,5681,6176,'Âàððåíòîí'),(6189,5681,6176,'Âåðîíà'),(6218,5681,6176,'Ðàäôîðä'),(6219,5681,6176,'Ðàøìåð'),(6220,5681,6176,'Ðè÷ìîíä'),(6221,5681,6176,'Ðîàíîê'),(6225,5681,6176,'Ñòàóíòîí'),(6226,5681,6176,'Ñòüþàðòñ-Äðàôò'),(6335,5681,6291,'Îãàñòà'),(6368,5681,6367,'Àâîí'),(6374,5681,6367,'Àðëèíãòîí-Õåéãòñ'),(6375,5681,6367,'Àóðîðà'),(6376,5681,6367,'Áåëâèäåð'),(6377,5681,6367,'Áåëëåâèëë'),(6378,5681,6367,'Áåíëä'),(6379,5681,6367,'Áåðâèí'),(6380,5681,6367,'Áåòàëòî'),(6381,5681,6367,'Áëóìèíãòîí'),(6518,5681,6367,'×èêàãî Õåéãòñ'),(6519,5681,6367,'×èêåðî'),(6521,5681,6520,'Àëòîíà'),(6522,5681,6520,'Àíäåðñîí'),(6523,5681,6520,'Áè÷ Ãðîâ'),(6524,5681,6520,'Áëóìèíãòîí'),(6525,5681,6520,'Áðóê'),(6526,5681,6520,'Áóðíåòòñâèëë'),(6527,5681,6520,'Âàëïàðàèñî'),(6528,5681,6520,'Âàëòîí'),(6529,5681,6520,'Âàððåí Ïàðê'),(6530,5681,6520,'Âèëëèàìñ Êðèê'),(6531,5681,6520,'Âèííåäàë'),(6532,5681,6520,'Ãàëâåñòîí'),(6533,5681,6520,'Ãàðè'),(6534,5681,6520,'Ãàððåòò'),(6535,5681,6520,'Ãðàáèëë'),(6536,5681,6520,'Ãðèôôèò'),(6537,5681,6520,'Äèåð'),(6538,5681,6520,'Äóí-Àêðåñ'),(6539,5681,6520,'Åâàíñâèëë'),(6540,5681,6520,'Åëêõàðò'),(6541,5681,6520,'Èíäèàíàïîëèñ'),(6542,5681,6520,'Èñò ×èêàãî'),(6550,5681,6520,'Ëàôýéåòò'),(6551,5681,6520,'Ëåéê-Ñòåéøí'),(6552,5681,6520,'Ëîãàíñïîðò'),(6553,5681,6520,'Ìàäèñîí'),(6554,5681,6520,'Ìàðèîí'),(6555,5681,6520,'Ìåðèäèàí Õèëëñ'),(6556,5681,6520,'Ìåððèëëâèëë'),(6557,5681,6520,'Ìè÷èãàí-Ñèòè'),(6558,5681,6520,'Ìèøàâàêà'),(6559,5681,6520,'Ìóíêè'),(6560,5681,6520,'Íîðò Êðàóñ Íåñò'),(6561,5681,6520,'Íîðò-Âåðíîí'),(6562,5681,6520,'Íüþ-Êàñòë'),(6563,5681,6520,'Íüþ-Îëáàíè'),(6564,5681,6520,'Íüþ-×èêàãî'),(6565,5681,6520,'Îëáàíè'),(6566,5681,6520,'Îíâàðä'),(6567,5681,6520,'Ïîðòàã'),(6568,5681,6520,'Ïîðòåð'),(6569,5681,6520,'Ðàâåíñâóä'),(6720,5681,6591,'Ìîíðîâèà'),(6729,5681,6591,'Íàïà'),(6754,5681,6591,'Ïèêî-Ðèâåðà'),(6755,5681,6591,'Ïèòòñáóðã'),(6756,5681,6591,'Ïëàêåíòèà'),(6757,5681,6591,'Ïëèñàíò-Õèëë'),(6758,5681,6591,'Ïîìîíà'),(6914,5681,6864,'Õýéñ'),(6915,5681,6864,'×àíóò'),(6916,5681,6864,'Ýìïîðèà'),(6918,5681,6917,'Àäóáîí-Ïàðê'),(6925,5681,6917,'Âåñòâóä'),(6952,5681,6917,'Ïåìáðîê'),(6953,5681,6917,'Ðàêåëàíä'),(6954,5681,6917,'Ðóññåëë'),(7078,5681,7055,'Êàíêòîí'),(7079,5681,7055,'Êàðâèëë'),(7080,5681,7055,'Êåííåð'),(7099,5681,7055,'Ïàéíâèëë'),(7100,5681,7055,'Ïèðë Ðèâåð'),(7194,5681,7120,'Ðàòëàíä'),(7195,5681,7120,'Ðåâåð'),(7196,5681,7120,'Ðåõîáîò'),(7197,5681,7120,'Ðèäèíã'),(7396,5681,7288,'Ôëàóóä'),(7419,5681,7411,'Âåëäà Âèëëèäæ Õèëëñ'),(7420,5681,7411,'Âåëëñòîí'),(7431,5681,7411,'Èíäåïåíäåíñ'),(7432,5681,7411,'Èðîíäàë'),(7433,5681,7411,'Êàìäåíòîí'),(7434,5681,7411,'Êàíçàñ-Ñèòè'),(7435,5681,7411,'Êàï Ãèðàðäèó'),(7436,5681,7411,'Êèðêâóä'),(7437,5681,7411,'Êèðêñâèëë'),(7438,5681,7411,'Êëýéòîí'),(7439,5681,7411,'Êîëóìáèÿ'),(7483,5681,7411,'Õàððèñáóðã'),(7484,5681,7411,'Õàðòñáóðã'),(7486,5681,7411,'Õèëëñäàë'),(7487,5681,7411,'Õóíòëåéã'),(7594,5681,7493,'Õèëëñäàë'),(7600,5681,7598,'Áèëëèíãñ'),(7602,5681,7598,'Âàëêåðâèëë'),(7616,5681,7613,'Áàíãîð'),(7628,5681,7613,'Îãàñòà'),(7629,5681,7613,'Îëä-Îð÷àðä-Áè÷'),(7630,5681,7613,'Îëä-Òàóí'),(7631,5681,7613,'Îðîíî'),(7632,5681,7613,'Ïîðòëåíä'),(7633,5681,7613,'Ñàêî'),(7634,5681,7613,'Ñàóò-Ïîðòëàíä'),(7635,5681,7613,'Ñêàðáîðî'),(7636,5681,7613,'Ôàëìàóò'),(7810,5681,7744,'Îàêëèí'),(7811,5681,7744,'Îðàíäæ'),(7903,5681,7859,'Ãàëâýé'),(7966,5681,7859,'Ìàíõàññåò'),(7967,5681,7859,'Ìàíõàòòàí'),(7968,5681,7859,'Ìàðêåëëóñ'),(7997,5681,7859,'Íüþ-Õàðòôîðä'),(7998,5681,7859,'Íüþáóðã'),(7999,5681,7859,'Îáåðí'),(8006,5681,7859,'Îòåãî'),(8007,5681,7859,'Îóøííñàéä'),(8008,5681,7859,'Ïåððèñáóðã'),(8009,5681,7859,'Ïèò÷åð-Õèëë'),(8010,5681,7859,'Ïëàéíâüþ'),(8011,5681,7859,'Ïîìîíà'),(8012,5681,7859,'Ïîðò-Äæåðâèñ'),(8020,5681,7859,'Ðîì'),(8021,5681,7859,'Ðîñëèí-Õåéãòñ'),(8022,5681,7859,'Ðîññëåâèëë'),(8024,5681,7859,'Ðî÷åñòåð'),(8042,5681,7859,'Ñïðèíã-Âýëëè'),(8043,5681,7859,'Ñòåéòåí-Àéëåíä'),(8044,5681,7859,'Ñòîíè-Ïîéíò'),(8045,5681,7859,'Ñòîòòâèëë'),(8046,5681,7859,'Ñòüþàðò-Ìàíîð'),(8063,5681,7859,'Ôðèïîðò'),(8066,5681,7859,'Õàäñîí'),(8067,5681,7859,'Õàäñîí-Ôîëëñ'),(8068,5681,7859,'Õàíòèíãòîí-Ñòýéøí'),(8106,5681,8089,'Êóáà'),(8107,5681,8089,'Ëàñ-Âåãàñ'),(8108,5681,8089,'Ëàñ-Êðóêåñ'),(8109,5681,8089,'Ëîñ-Àëàìîñ'),(8110,5681,8089,'Ëîñ-Ëóíàñ'),(8191,5681,8145,'Âàíäàëèà'),(8192,5681,8145,'Âàððåí'),(8193,5681,8145,'Âàððåíñâèëë-Õåéãòñ'),(8194,5681,8145,'Âàòåðâèëë'),(8195,5681,8145,'Âàóñåîí'),(8196,5681,8145,'Âåñò Êàððîëëòîí'),(8197,5681,8145,'Âåñò-Ïîðòñìóò'),(8198,5681,8145,'Âåñòëàê'),(8199,5681,8145,'Âèêëèôô'),(8200,5681,8145,'Âèëëàóèê'),(8219,5681,8145,'Äåâîëà'),(8220,5681,8145,'Äåëè-Õèëëñ'),(8354,5681,8145,'Ïîìåðîé'),(8544,5681,8516,'Áåòëåõåì'),(8545,5681,8516,'Áèâåð'),(8552,5681,8516,'Áðèí-Ìàâð'),(8561,5681,8516,'Âàøèíãòîíâèëë'),(8562,5681,8516,'Âåéìàðò'),(8563,5681,8516,'Âåðíåðñâèëë'),(8564,5681,8516,'Âåñëèâèëë'),(8565,5681,8516,'Âåñò-Âüþ'),(8573,5681,8516,'Âèëêåñ-Áàðð'),(8574,5681,8516,'Âèëêèíñáóðã'),(8651,5681,8516,'Ìàíõàëë'),(8652,5681,8516,'Ìàðèàííà'),(8653,5681,8516,'Ìàðïë'),(8727,5681,8516,'Õàâåðòàóí'),(8789,5681,8768,'Ãðèíñáîðî'),(8790,5681,8768,'Äàâèäñîí'),(8791,5681,8768,'Äàðõàì'),(8799,5681,8768,'Êëèâëåíä'),(8903,5681,8856,'Äå÷åðä'),(8920,5681,8856,'Êàëõîóí'),(8965,5681,8856,'ÌêÊåíçè'),(9024,5681,8856,'Ôèíãåð'),(9028,5681,8856,'Õàëëñ'),(9029,5681,8856,'Õàìïòîí'),(9030,5681,8856,'Õàððèñîí'),(9045,5681,8856,'ßêñîí'),(9048,5681,9047,'Àáèëèí'),(9050,5681,9047,'Àëäàéí'),(9068,5681,9047,'Áýéòàóí'),(9069,5681,9047,'Âàêî'),(9070,5681,9047,'Âàñêîì'),(9084,5681,9047,'Äàéíãåðôèëä'),(9098,5681,9047,'Êèëëèí'),(9099,5681,9047,'Êèíãñâèëë'),(9102,5681,9047,'Êîìáåñ'),(9103,5681,9047,'Êîðïóñ-Êðèñòè'),(9106,5681,9047,'Ëàááîê'),(9107,5681,9047,'Ëàéîí-Âýëëè'),(9108,5681,9047,'Ëàêëåíä áàçà ÂÂÑ'),(9312,5681,9185,'Ëåéçè-Ëåéê'),(9313,5681,9185,'Ëåéê-Àëüôðåä'),(9367,5681,9185,'Îêèí-Ñèòè'),(9368,5681,9185,'Îëäñìàð'),(9369,5681,9185,'Îëèìïèà-Õåéãòñ'),(9414,5681,9185,'Ñàðàñîòà'),(9415,5681,9185,'Ñàðàñîòà-Ñïðèíãñ'),(9416,5681,9185,'Ñàðôñàéä'),(9417,5681,9185,'Ñàòåëëàéò-Áè÷'),(9418,5681,9185,'Ñàóò-Àïîïêà'),(9419,5681,9185,'Ñàóò-Áýé'),(9420,5681,9185,'Ñàóò-Äàéòîíà'),(9421,5681,9185,'Ñàóò-Ìàéàìè'),(9422,5681,9185,'Ñàóò-Ìàéàìè-Õåéãòñ'),(9423,5681,9185,'Ñàóò-Ïàëì-Áè÷'),(9424,5681,9185,'Ñàóò-Ïàñàäåíà'),(9425,5681,9185,'Ñàóòãåéò'),(9429,5681,9185,'Ñåäàð-Ãðîâ'),(9430,5681,9185,'Ñåíòóðè'),(9431,5681,9185,'Ñåôôíåð'),(9432,5681,9185,'Ñè-Ðàí÷-Ëåéêñ'),(9433,5681,9185,'Ñèåñòà-Êè'),(9434,5681,9185,'Ñîëàíà'),(9435,5681,9185,'Ñïðèíãôèëä'),(9436,5681,9185,'Òàâàðåñ'),(9437,5681,9185,'Òàâåðíèð'),(9438,5681,9185,'Òàëàõàññè'),(9439,5681,9185,'Òàìàéàìè'),(9440,5681,9185,'Òàìàðàê'),(9441,5681,9185,'Òàìïà'),(9533,5681,9515,'Êàíàá'),(9536,5681,9515,'Êëèðôèëä'),(9553,5681,9515,'Ïðèê'),(9557,5681,9515,'Ðîé'),(9599,9575,9596,'Êóéáûøåâñêèé'),(9600,9575,9596,'Êóðãàí-Òþáå'),(9601,9575,9596,'Íèæíèé Ïÿíäæ'),(9602,9575,9596,'Ïÿíäæ'),(9603,9575,9596,'Øààðòóç'),(9604,9575,9596,'ßâàí'),(9606,9575,9605,'Àäðàñìàí'),(9610,9575,9605,'Ãàí÷è'),(9626,9575,9605,'Øóðàá'),(9632,9575,9627,'Äóøàíáå'),(9633,9575,9627,'Êàëàè-Õóìá'),(9634,9575,9627,'Íàñðóä'),(9741,9705,9740,'Ìåðñèí'),(9743,9705,9742,'Êýéñåðè'),(9795,9787,9788,'Øàõðèõàí'),(9797,9787,9796,'Àëàò'),(9798,9787,9796,'Áóõàðà'),(9799,9787,9796,'Âàáêåíò'),(9800,9787,9796,'Ãàçëè'),(9808,9787,9806,'Äæèçàê'),(9809,9787,9806,'Çààìèí'),(9811,9787,9806,'Óñìàò'),(9817,9787,9813,'Ìóéíàê'),(9830,9787,9825,'Êèòàá'),(9835,9787,9832,'Ó÷êóäóê'),(9875,9787,9869,'Áàêàáàä'),(9876,9787,9869,'Áåêàáàä'),(9877,9787,9869,'Áóêà'),(9894,9787,9892,'Âóàäèëü'),(9895,9787,9892,'Äàíãàðà'),(9896,9787,9892,'Êîêàíä'),(9929,9908,9909,'Ìóðîâàííûå Êóðèëîâöû'),(9934,9908,9909,'Òåïëèê'),(9937,9908,9909,'Òóëü÷èí'),(9938,9908,9909,'Òûâðîâ'),(9961,9908,9943,'Ðîæèùå'),(9963,9908,9943,'Òóðèéñê'),(9998,9908,9964,'Ñîôèåâêà'),(9999,9908,9964,'Òîìàêîâêà'),(10000,9908,9964,'Öàðè÷àíêà'),(10001,9908,9964,'Øèðîêîå'),(10003,9908,10002,'Àâäååâêà'),(10106,9908,10094,'Ñâàëÿâà'),(10224,9908,10201,'Ñâåòëîâîäñê'),(10225,9908,10201,'Óëüÿíîâêà'),(10226,9908,10201,'Óñòèíîâêà'),(10228,9908,10227,'Àçîâñêîå'),(10237,9908,10227,'Ãóðçóô'),(10238,9908,10227,'Äæàíêîé'),(10239,9908,10227,'Åâïàòîðèÿ'),(10240,9908,10227,'Çóÿ'),(10246,9908,10227,'Ìàññàíäðà'),(10247,9908,10227,'Íèæíåãîðñêèé'),(10287,9908,10259,'Çîëîòîå'),(10347,9908,10318,'Ñîêàëü'),(10470,9908,10455,'Ëèïîâàÿ Äîëèíà'),(10471,9908,10455,'Íåäðèãàéëîâ'),(10619,9908,10607,'Êîðîï'),(10662,10648,10661,'Òóðêó'),(10670,10668,10669,'Ñåí-Áðèå'),(10672,10668,10671,'Montluçon'),(10674,10668,10673,'Ãàï'),(10682,10668,10681,'Áåëüôîð'),(10684,10668,10683,'À-åí-Ïðîâåíñ'),(10717,10668,10716,'Âàëåíñ'),(10761,10668,10759,'×îëåò'),(10765,10668,10764,'Ìåö'),(10767,10668,10766,'Ëîðüåíò'),(10769,10668,10768,'Âàëåíñèíüå'),(10821,10668,10819,'Âèëëåóðáàíí'),(10899,10874,10898,'Äå÷èí'),(10902,10874,10898,'Óñòè-íàä-Ëàáåì'),(10903,10874,10898,'×îìóòîâ'),(10983,10968,10969,'Êèíãèñåïï'),(10984,10968,10969,'Êîõòëà-ßðâå'),(10985,10968,10969,'Êÿðäëà'),(10986,10968,10969,'Ìóñòâýý'),(10987,10968,10969,'Ìûéçàêþëà'),(10988,10968,10969,'Íàðâà'),(10989,10968,10969,'Ïàéäå'),(10990,10968,10969,'Ïûëòñàìàà'),(10991,10968,10969,'Ïÿðíó'),(11145,11060,11142,'Õèòîèîøè'),(11147,11060,11146,'Èñå'),(11152,11060,11151,'Èøèíîìàêè'),(11153,11060,11151,'Êåñåííóìà'),(11154,11060,11151,'Ôóðóêàâà'),(11156,11060,11155,'Êîáýéàøè'),(11157,11060,11155,'Ìèèàçàêè'),(11158,11060,11155,'Ìèèàêîíîéî'),(11165,11060,11162,'Ñàêó'),(11166,11060,11162,'Ñóâà'),(11175,11060,11173,'Íàðà'),(11176,11060,11173,'Ñàêóðàè'),(11177,11060,11173,'Òåíðè'),(11183,11060,11178,'Öóáàìå'),(11184,11060,11178,'Øèáàòà'),(11186,11060,11185,'Êóðàøèêè'),(11187,11060,11185,'Îêýéàìà'),(11188,11060,11185,'Öóÿìà'),(11190,11060,11189,'Èøèãàêè'),(11191,11060,11189,'Íàõà'),(11193,11060,11192,'Äàèòî'),(11194,11060,11192,'Êàéçóêà'),(11195,11060,11192,'Êèøèâàäà'),(11196,11060,11192,'Ìàòñóáàðà'),(11197,11060,11192,'Ìîðèãó÷è'),(11198,11060,11192,'Íèàãàâà'),(11199,11060,11192,'Îñàêà'),(11200,11060,11192,'Ñóèòà'),(11201,11060,11192,'Òàêàèøè'),(11202,11060,11192,'Òàêàòñóêè'),(11203,11060,11192,'Òîèîíàêà'),(11204,11060,11192,'Òîíäàáàÿøè'),(11205,11060,11192,'Õàáèêèíî'),(11206,11060,11192,'Õèãàøèîñàêà'),(11207,11060,11192,'Õèðàêàòà'),(11208,11060,11192,'ßî'),(11210,11060,11209,'Èìàðè'),(11211,11060,11209,'Êàðàòñó'),(11212,11060,11209,'Ñàãà'),(11311,11060,11307,'Õèðîøèìà'),(11313,11060,11312,'Àáàøèðè'),(11316,11060,11312,'Áèáàè'),(11334,11060,11330,'Èòàìè'),(278009,81,82,'Áèëàñóâàð'),(278058,2448,2449,'Ãóëáåíå'),(278062,9575,9627,'Äóñòè'),(278065,9575,9627,'Ëåíèíñêèé'),(278066,9575,9627,'Ìîñêîâñêèé'),(278092,1707,277661,'Àëüìåðèÿ'),(278103,428,277660,'Áîðîâåö'),(278113,1707,277661,'Âàëüÿäîëèä'),(278118,428,277660,'Âðàöà'),(278123,1707,277661,'Ãâàäàëàõàðà'),(278151,10874,277670,'Êàðëîâè-Âàðè'),(278198,10874,277670,'Ïàðäóáèöå'),(278206,10874,277670,'Ïëüçåíü'),(278217,10648,277667,'Ðîâàíèåìè'),(278234,10648,277667,'Ñóîìèñàëìè'),(278236,10648,277667,'Òàìïåðå'),(1920542,10968,10969,'Êóðåñààðå'),(1929637,3159,3296,'Áóðàåâî'),(2411629,3159,5356,'Èçëó÷èíñê'),(2498687,582077,2483267,'Ãàâàíà'),(3118538,3159,4312,'Êîðîëåâ'),(3839871,1012,1064,'Íîé¸òèíã'),(3863861,2374,2426,'Öèíäàî'),(4285519,3159,5507,'Îçåðñê'),(4696311,10968,10969,'Ïàëäèñêè'),(4697440,10968,10969,'Ïàëäèñêè'),(4778382,1393,1416,'Ìèãäàëü àÝìåê'),(5556340,1012,1064,'Áóðãõàóçåí'),(5911547,1786,1802,'Ïàäóÿ'),(5911563,1786,1802,'Âåíåöèÿ'),(6453661,582040,6453632,'Dagu'),(6712230,1366,2077237,'Õåëüñèíãîð'),(7592215,3159,4800,'Åãîðëûêñêàÿ'),(7592923,3159,4312,'Áàéêîíóð'),(7593075,3159,4312,'Êðàñíîçíàìåíñê'),(10502867,63,75,'Ìèñòåëüáàõ'),(10504604,3159,4925,'Ïèêàë¸âî'),(11566040,582040,11566007,'Êèìïî');
/*!40000 ALTER TABLE `city` ENABLE KEYS */;
UNLOCK TABLES;

--
-- Table structure for table `customers`
--

DROP TABLE IF EXISTS `customers`;
/*!40101 SET @saved_cs_client     = @@character_set_client */;
/*!40101 SET character_set_client = utf8 */;
CREATE TABLE `customers` (
  `customer_id` int(11) unsigned NOT NULL AUTO_INCREMENT,
  `name` varchar(255) CHARACTER SET utf8 COLLATE utf8_bin DEFAULT NULL,
  `email` varchar(255) CHARACTER SET utf8 COLLATE utf8_bin DEFAULT NULL,
  `password` varchar(32) CHARACTER SET utf8 COLLATE utf8_bin NOT NULL,
  `rating` decimal(10,2) DEFAULT NULL,
  `quote_id` int(11) DEFAULT NULL,
  PRIMARY KEY (`customer_id`)
) ENGINE=InnoDB AUTO_INCREMENT=39 DEFAULT CHARSET=utf8;
/*!40101 SET character_set_client = @saved_cs_client */;

--
-- Dumping data for table `customers`
--

LOCK TABLES `customers` WRITE;
/*!40000 ALTER TABLE `customers` DISABLE KEYS */;
INSERT INTO `customers` VALUES (36,'1',NULL,'c4ca4238a0b923820dcc509a6f75849b',NULL,68),(37,'Âàñÿ',NULL,'202cb962ac59075b964b07152d234b70',NULL,67),(38,'123',NULL,'202cb962ac59075b964b07152d234b70',NULL,78);
/*!40000 ALTER TABLE `customers` ENABLE KEYS */;
UNLOCK TABLES;

--
-- Table structure for table `order_products`
--

DROP TABLE IF EXISTS `order_products`;
/*!40101 SET @saved_cs_client     = @@character_set_client */;
/*!40101 SET character_set_client = utf8 */;
CREATE TABLE `order_products` (
  `order_product_id` int(11) unsigned NOT NULL AUTO_INCREMENT,
  `product_name` varchar(255) CHARACTER SET utf8 COLLATE utf8_bin DEFAULT NULL,
  `product_sku` varchar(255) CHARACTER SET utf8 COLLATE utf8_bin DEFAULT NULL,
  `qty` int(11) unsigned DEFAULT NULL,
  `product_price` decimal(10,2) DEFAULT NULL,
  `order_id` int(11) unsigned NOT NULL,
  PRIMARY KEY (`order_product_id`)
) ENGINE=InnoDB AUTO_INCREMENT=153 DEFAULT CHARSET=utf8;
/*!40101 SET character_set_client = @saved_cs_client */;

--
-- Dumping data for table `order_products`
--

LOCK TABLES `order_products` WRITE;
/*!40000 ALTER TABLE `order_products` DISABLE KEYS */;
INSERT INTO `order_products` VALUES (140,'Nokkkkial','12312313',11,123561.00,133),(141,'IPhone-5s','5123123',3,19929.00,133),(142,'Nokkkkial','12312313',3,123561.00,134),(143,'IPhone-5s','5123123',44,19929.00,134),(144,'Nokkkkial','12312313',3,123561.00,135),(145,'IPhone-5s','5123123',44,19929.00,135),(146,'Nokkkkial','12312313',1,123561.00,136),(147,'IPhone-5s','5123123',55,19929.00,136),(148,'IPhone-12','12322212312',33,99999999.99,136),(149,'Nokkkkial','12312313',14,123561.00,137),(150,'IPhone-5s','5123123',1,19929.00,137),(151,'IPhone-12','123123112',11,20.00,138),(152,'Nokkkkial','12312313',10,123561.00,139);
/*!40000 ALTER TABLE `order_products` ENABLE KEYS */;
UNLOCK TABLES;

--
-- Table structure for table `orders`
--

DROP TABLE IF EXISTS `orders`;
/*!40101 SET @saved_cs_client     = @@character_set_client */;
/*!40101 SET character_set_client = utf8 */;
CREATE TABLE `orders` (
  `order_id` int(11) unsigned NOT NULL AUTO_INCREMENT,
  `number_order` int(5) unsigned DEFAULT NULL,
  `customer_name` varchar(255) CHARACTER SET utf8 COLLATE utf8_bin DEFAULT NULL,
  `created_at` datetime DEFAULT NULL,
  `product_name` varchar(255) CHARACTER SET utf8 COLLATE utf8_bin DEFAULT NULL,
  `product_sku` varchar(255) CHARACTER SET utf8 COLLATE utf8_bin DEFAULT NULL,
  `qty` int(11) unsigned DEFAULT NULL,
  `product_price` decimal(10,2) DEFAULT NULL,
  `shipping_method` varchar(16) CHARACTER SET utf8 COLLATE utf8_bin DEFAULT NULL,
  `payment_method` varchar(16) CHARACTER SET utf8 COLLATE utf8_bin DEFAULT NULL,
  `shipping` int(11) unsigned DEFAULT NULL,
  `subtotal` int(11) unsigned DEFAULT NULL,
  `grand_total` int(11) unsigned DEFAULT NULL,
  `city` varchar(128) NOT NULL DEFAULT '',
  `region` int(11) unsigned DEFAULT NULL,
  `postal_code` varchar(255) CHARACTER SET utf8 COLLATE utf8_bin DEFAULT NULL,
  `street` varchar(255) CHARACTER SET utf8 COLLATE utf8_bin DEFAULT NULL,
  `home_number` int(6) unsigned DEFAULT NULL,
  `flat` int(6) unsigned DEFAULT NULL,
  `status` varchar(32) CHARACTER SET utf8 COLLATE utf8_bin DEFAULT NULL,
  PRIMARY KEY (`order_id`),
  UNIQUE KEY `number_order` (`number_order`)
) ENGINE=InnoDB AUTO_INCREMENT=140 DEFAULT CHARSET=utf8;
/*!40101 SET character_set_client = @saved_cs_client */;

--
-- Dumping data for table `orders`
--

LOCK TABLES `orders` WRITE;
/*!40000 ALTER TABLE `orders` DISABLE KEYS */;
INSERT INTO `orders` VALUES (133,10133,NULL,'2014-02-01 23:41:21',NULL,NULL,NULL,NULL,'fixed','Cash on delivery',100,1418958,1419058,'Âèëëà÷',0,'1','1',1,1,'Pending'),(134,10134,'1','2014-02-02 00:05:22',NULL,NULL,NULL,NULL,'fixed','Cash on delivery',100,1247559,1247659,'Âèëëà÷',0,'1','1',1,1,'Pending'),(135,10135,'1','2014-02-02 00:05:35',NULL,NULL,NULL,NULL,'fixed','Cash on delivery',100,1247559,1247659,'Âèëëà÷',0,'1','1',1,1,'Pending'),(136,10136,'123','2014-02-02 00:07:07',NULL,NULL,NULL,NULL,'fixed','Cash on delivery',100,3301219656,3301219756,'Âèëëà÷',0,'1','1',131,12,'Pending'),(137,10137,NULL,'2014-02-20 14:09:02',NULL,NULL,NULL,NULL,'fixed','Cash on delivery',100,1749783,1749883,'Âèëëà÷',0,'12','1',1,1,'Pending'),(138,10138,NULL,'2014-02-20 14:23:37',NULL,NULL,NULL,NULL,'fixed','Cash on delivery',100,220,320,'Áèíàãàäè',0,'112','21',32,2,'Pending'),(139,10139,NULL,'2014-04-01 23:51:37',NULL,NULL,NULL,NULL,'fixed','Cash on delivery',100,1235610,1235710,'Âèëëà÷',0,'1','1',1,1,'Pending');
/*!40000 ALTER TABLE `orders` ENABLE KEYS */;
UNLOCK TABLES;

--
-- Table structure for table `products`
--

DROP TABLE IF EXISTS `products`;
/*!40101 SET @saved_cs_client     = @@character_set_client */;
/*!40101 SET character_set_client = utf8 */;
CREATE TABLE `products` (
  `product_id` int(11) unsigned NOT NULL AUTO_INCREMENT,
  `name` varchar(255) CHARACTER SET utf8 COLLATE utf8_bin DEFAULT NULL,
  `sku` varchar(255) CHARACTER SET utf8 COLLATE utf8_bin DEFAULT NULL,
  `image` varchar(255) CHARACTER SET utf8 COLLATE utf8_bin DEFAULT NULL,
  `qty` int(11) unsigned DEFAULT NULL,
  `price` decimal(10,2) DEFAULT NULL,
  `special_price` decimal(10,2) DEFAULT NULL,
  PRIMARY KEY (`product_id`),
  UNIQUE KEY `sku_index` (`sku`)
) ENGINE=InnoDB AUTO_INCREMENT=15 DEFAULT CHARSET=utf8;
/*!40101 SET character_set_client = @saved_cs_client */;

--
-- Dumping data for table `products`
--

LOCK TABLES `products` WRITE;
/*!40000 ALTER TABLE `products` DISABLE KEYS */;
INSERT INTO `products` VALUES (1,'Nokkkkial','12312313','http://www.theweblog.net/wp-content/uploads/2012/02/Nokia-Lumina-800.png',0,123561.00,NULL),(2,'IPhone-5s','5123123','http://www.theweblog.net/wp-content/uploads/2012/02/Nokia-Lumina-800.png',0,19929.00,NULL),(3,'IPhone-6','12312312','http://www.theweblog.net/wp-content/uploads/2012/02/Nokia-Lumina-800.png',0,10230102.00,NULL),(8,'Nokkkkial929','123512313','http://www.theweblog.net/wp-content/uploads/2012/02/Nokia-Lumina-800.png',0,123561.00,999.00),(9,'IPhone-12','123123112','http://www.theweblog.net/wp-content/uploads/2012/02/Nokia-Lumina-800.png',0,10230102.00,20.00),(10,'Mobila','1211233113','http://www.theweblog.net/wp-content/uploads/2012/02/Nokia-Lumina-800.png',0,123561.00,NULL),(11,'IPhone-12','12322212312','http://www.theweblog.net/wp-content/uploads/2012/02/Nokia-Lumina-800.png',0,99999999.99,NULL);
/*!40000 ALTER TABLE `products` ENABLE KEYS */;
UNLOCK TABLES;

--
-- Table structure for table `quote_items`
--

DROP TABLE IF EXISTS `quote_items`;
/*!40101 SET @saved_cs_client     = @@character_set_client */;
/*!40101 SET character_set_client = utf8 */;
CREATE TABLE `quote_items` (
  `item_id` int(11) unsigned NOT NULL AUTO_INCREMENT,
  `product_id` int(11) unsigned NOT NULL,
  `qty` int(11) unsigned DEFAULT NULL,
  `quote_id` int(11) unsigned NOT NULL,
  PRIMARY KEY (`item_id`)
) ENGINE=InnoDB AUTO_INCREMENT=72 DEFAULT CHARSET=utf8;
/*!40101 SET character_set_client = @saved_cs_client */;

--
-- Dumping data for table `quote_items`
--

LOCK TABLES `quote_items` WRITE;
/*!40000 ALTER TABLE `quote_items` DISABLE KEYS */;
INSERT INTO `quote_items` VALUES (44,1,1,65),(45,1,44,66),(46,1,14,67),(47,2,2,67),(48,1,3,68),(49,1,4,71),(50,2,111,71),(52,2,596,72),(53,1,58,72),(54,1,12,73),(55,2,3,73),(56,1,12,74),(57,2,3,74),(58,1,4,75),(59,2,4,75),(60,1,12,76),(61,2,33,76),(62,1,12,77),(63,2,3,77),(64,2,44,68),(65,1,1,78),(66,2,55,78),(67,11,33,78),(68,1,14,81),(69,2,1,81),(70,9,11,82),(71,1,10,83);
/*!40000 ALTER TABLE `quote_items` ENABLE KEYS */;
UNLOCK TABLES;

--
-- Table structure for table `quotes`
--

DROP TABLE IF EXISTS `quotes`;
/*!40101 SET @saved_cs_client     = @@character_set_client */;
/*!40101 SET character_set_client = utf8 */;
CREATE TABLE `quotes` (
  `quote_id` int(11) unsigned NOT NULL AUTO_INCREMENT,
  `address_id` int(11) unsigned DEFAULT NULL,
  `shipping_method_code` varchar(16) CHARACTER SET utf8 COLLATE utf8_bin DEFAULT NULL,
  `payment_method_code` varchar(16) CHARACTER SET utf8 COLLATE utf8_bin DEFAULT NULL,
  `shipping` int(11) unsigned DEFAULT NULL,
  `subtotal` int(11) unsigned DEFAULT NULL,
  `grand_total` int(11) unsigned DEFAULT NULL,
  PRIMARY KEY (`quote_id`)
) ENGINE=InnoDB AUTO_INCREMENT=84 DEFAULT CHARSET=utf8;
/*!40101 SET character_set_client = @saved_cs_client */;

--
-- Dumping data for table `quotes`
--

LOCK TABLES `quotes` WRITE;
/*!40000 ALTER TABLE `quotes` DISABLE KEYS */;
INSERT INTO `quotes` VALUES (65,NULL,NULL,NULL,NULL,NULL,NULL),(66,NULL,NULL,NULL,NULL,NULL,NULL),(67,48,'fixed','Cash on delivery',100,1769712,1769812),(68,52,'fixed','Cash on delivery',100,1247559,1247659),(69,NULL,NULL,NULL,NULL,NULL,NULL),(70,NULL,NULL,NULL,NULL,NULL,NULL),(71,53,'fixed','Cash on delivery',100,2706363,2706463),(72,54,'fixed','Cash on delivery',100,19044222,19044322),(73,55,'fixed','Cash on delivery',100,1542519,1542619),(74,56,'fixed','Cash on delivery',100,1542519,1542619),(75,57,'fixed','Cash on delivery',100,573960,574060),(76,58,'fixed','Cash on delivery',100,2140389,2140489),(77,59,'fixed','Cash on delivery',100,1418958,1419058),(78,60,'fixed','Cash on delivery',100,3301219656,3301219756),(79,NULL,NULL,NULL,NULL,NULL,NULL),(80,NULL,NULL,NULL,NULL,NULL,NULL),(81,61,'fixed','Cash on delivery',100,1749783,1749883),(82,62,'fixed','Cash on delivery',100,220,320),(83,63,'fixed','Cash on delivery',100,1235610,1235710);
/*!40000 ALTER TABLE `quotes` ENABLE KEYS */;
UNLOCK TABLES;

--
-- Table structure for table `region`
--

DROP TABLE IF EXISTS `region`;
/*!40101 SET @saved_cs_client     = @@character_set_client */;
/*!40101 SET character_set_client = utf8 */;
CREATE TABLE `region` (
  `region_id` int(10) unsigned NOT NULL AUTO_INCREMENT,
  `country_id` int(10) unsigned NOT NULL DEFAULT '0',
  `city_id` int(10) unsigned NOT NULL DEFAULT '0',
  `name` varchar(64) NOT NULL DEFAULT '',
  PRIMARY KEY (`region_id`),
  KEY `country_id` (`country_id`),
  KEY `city_id` (`city_id`)
) ENGINE=InnoDB AUTO_INCREMENT=7719908 DEFAULT CHARSET=latin1;
/*!40101 SET character_set_client = @saved_cs_client */;

--
-- Dumping data for table `region`
--

LOCK TABLES `region` WRITE;
/*!40000 ALTER TABLE `region` DISABLE KEYS */;
INSERT INTO `region` VALUES (5,4,0,'Âèêòîðèÿ'),(223,177,0,'Ñàí-Õóàí'),(956,924,0,'Ñàáîëü÷-Ñàòìàð'),(958,924,0,'Ôåéåð'),(961,924,0,'Õàéäó-Áèõàð'),(964,924,0,'Õåâåø'),(967,924,0,'×îíãðàä'),(972,971,0,'Dong Bang Song Cuu Long'),(1120,1012,0,'Íèæíÿÿ Ñàêñîíèÿ'),(1137,1012,0,'Ðåéíëàíä-Ïôàëüö'),(1149,1012,0,'Ñààðñêàÿ îáëàñòü'),(1895,1894,0,'Àêòþáèíñêàÿ îáë.'),(1911,1894,0,'Àëìà-Àòèíñêàÿ îáë.'),(2401,2374,0,'Õóíàíü'),(2404,2374,0,'Õýáýé'),(2444,2443,0,'al-Jahra'),(2446,2443,0,'al-Kuwayt'),(2449,2448,0,'Ëàòâèÿ'),(2510,2509,0,'Tarabulus'),(2512,2509,0,'Áåíãàçè'),(2515,2514,0,'Ëèòâà'),(2615,2614,0,'Ëþêñåìáóðã'),(2755,2617,0,'Òàáàñêî'),(2780,2617,0,'×üÿïàñ'),(2786,2617,0,'Þêàòàí'),(2789,2788,0,'Ìîëäîâà'),(2834,2833,0,'Ìîíàêî'),(3160,3159,0,'Àëòàéñêèé êðàé'),(3223,3159,0,'Àìóðñêàÿ îáë.'),(3251,3159,0,'Àðõàíãåëüñêàÿ îáë.'),(3282,3159,0,'Àñòðàõàíñêàÿ îáë.'),(3296,3159,0,'Áàøêîðòîñòàí(Áàøêèðèÿ)'),(3352,3159,0,'Áåëãîðîäñêàÿ îáë.'),(3371,3159,0,'Áðÿíñêàÿ îáë.'),(3407,3159,0,'Áóðÿòèÿ'),(3437,3159,0,'Âëàäèìèðñêàÿ îáë.'),(3468,3159,0,'Âîëãîãðàäñêàÿ îáë.'),(3503,3159,0,'Âîëîãîäñêàÿ îáë.'),(3529,3159,0,'Âîðîíåæñêàÿ îáë.'),(3563,3159,0,'Íèæåãîðîäñêàÿ (Ãîðüêîâñêàÿ)'),(3630,3159,0,'Äàãåñòàí'),(3673,3159,0,'Åâðåéñêàÿ îáë.'),(3675,3159,0,'Èâàíîâñêàÿ îáë.'),(3703,3159,0,'Èðêóòñêàÿ îáë.'),(3751,3159,0,'Êàáàðäèíî-Áàëêàðèÿ'),(3761,3159,0,'Êàëèíèíãðàäñêàÿ îáë.'),(3784,3159,0,'Òâåðñêàÿ îáë.'),(3827,3159,0,'Êàëìûêèÿ'),(3841,3159,0,'Êàëóæñêàÿ îáë.'),(3872,3159,0,'Êàì÷àòñêàÿ îáë.'),(3892,3159,0,'Êàðåëèÿ'),(3921,3159,0,'Êåìåðîâñêàÿ îáë.'),(3952,3159,0,'Êèðîâñêàÿ îáë.'),(3994,3159,0,'Êîìè'),(4026,3159,0,'Êîñòðîìñêàÿ îáë.'),(4052,3159,0,'Êðàñíîäàðñêèé êðàé'),(4105,3159,0,'Êðàñíîÿðñêèé êðàé'),(4176,3159,0,'Êóðãàíñêàÿ îáë.'),(4198,3159,0,'Êóðñêàÿ îáë.'),(4227,3159,0,'Ëèïåöêàÿ îáë.'),(4243,3159,0,'Ìàãàäàíñêàÿ îáë.'),(4270,3159,0,'Ìàðèé Ýë'),(4287,3159,0,'Ìîðäîâèÿ'),(4312,3159,0,'Ìîñêâà è Ìîñêîâñêàÿ îáë.'),(4481,3159,0,'Ìóðìàíñêàÿ îáë.'),(4503,3159,0,'Íîâãîðîäñêàÿ îáë.'),(4528,3159,0,'Íîâîñèáèðñêàÿ îáë.'),(4561,3159,0,'Îìñêàÿ îáë.'),(4593,3159,0,'Îðåíáóðãñêàÿ îáë.'),(4633,3159,0,'Îðëîâñêàÿ îáë.'),(4657,3159,0,'Ïåíçåíñêàÿ îáë.'),(4689,3159,0,'Ïåðìñêàÿ îáë.'),(4734,3159,0,'Ïðèìîðñêèé êðàé'),(4773,3159,0,'Ïñêîâñêàÿ îáë.'),(4800,3159,0,'Ðîñòîâñêàÿ îáë.'),(4861,3159,0,'Ðÿçàíñêàÿ îáë.'),(4891,3159,0,'Ñàìàðñêàÿ îáë.'),(4925,3159,0,'Ñàíêò-Ïåòåðáóðã è îáëàñòü'),(4969,3159,0,'Ñàðàòîâñêàÿ îáë.'),(5011,3159,0,'Ñàõà (ßêóòèÿ)'),(5052,3159,0,'Ñàõàëèí'),(5080,3159,0,'Ñâåðäëîâñêàÿ îáë.'),(5151,3159,0,'Ñåâåðíàÿ Îñåòèÿ'),(5161,3159,0,'Ñìîëåíñêàÿ îáë.'),(5191,3159,0,'Ñòàâðîïîëüñêèé êðàé'),(5225,3159,0,'Òàìáîâñêàÿ îáë.'),(5246,3159,0,'Òàòàðñòàí'),(5291,3159,0,'Òîìñêàÿ îáë.'),(5312,3159,0,'Òóâà (Òóâèíñêàÿ Ðåñï.)'),(5326,3159,0,'Òóëüñêàÿ îáë.'),(5356,3159,0,'Òþìåíñêàÿ îáë.'),(5404,3159,0,'Óäìóðòèÿ'),(5432,3159,0,'Óëüÿíîâñêàÿ îáë.'),(5458,3159,0,'Óðàëüñêàÿ îáë.'),(5662,5647,0,'Santa Ana'),(5664,5647,0,'Sonsonate'),(5983,5681,0,'Àðêàíçàñ'),(6098,5681,0,'Âàéîìèíã'),(6103,5681,0,'Âàøèíãòîí'),(6167,5681,0,'Âåðìîíò'),(6176,5681,0,'Âèðãèíèÿ'),(7613,5681,0,'Ìýí'),(7641,5681,0,'Ìýðèëåíä'),(7691,5681,0,'Íåáðàñêà'),(7714,5681,0,'Íåâàäà'),(7733,5681,0,'Íüþ-Ãýìïøèð'),(7744,5681,0,'Íüþ-Äæåðñè'),(7859,5681,0,'Íüþ-Éîðê'),(8089,5681,0,'Íüþ-Ìåêñèêî'),(9639,9638,0,'Àøõàáàäñêàÿ îáë.'),(9653,9638,0,'Êðàñíîâîäñêàÿ îáë.'),(9708,9705,0,'Bayburt'),(9716,9705,0,'Àìàñüÿ'),(9722,9705,0,'Àðòâèí'),(9724,9705,0,'Àôüîí'),(9726,9705,0,'Áàëûêåñèð'),(9728,9705,0,'Áèëåäæèê'),(9730,9705,0,'Áóðñà'),(9732,9705,0,'Ãàçèàíòåï'),(9734,9705,0,'Äåíèçëè'),(9736,9705,0,'Èçìèð'),(9738,9705,0,'Èñïàðòà'),(9740,9705,0,'È÷åëü'),(9742,9705,0,'Êàéñåðè'),(9744,9705,0,'Êàðñ'),(9746,9705,0,'Êîäæàýëè'),(9749,9705,0,'Êîíüÿ'),(9751,9705,0,'Êûðêëàðåëè'),(9776,9705,0,'Ýðçèíäæàí'),(9785,9782,0,'Kampala'),(9806,9787,0,'Äæèçàêñêàÿ îáë.'),(9813,9787,0,'Êàðàêàëïàêèÿ'),(9825,9787,0,'Êàøêàäàðüèíñêàÿ îáë.'),(9836,9787,0,'Íàìàíãàíñêàÿ îáë.'),(10738,10668,0,'Ëî è Ãàðîííà'),(10752,10668,0,'Ëóàðå'),(10762,10668,0,'Ì¸ðò è Ìîçåëü'),(10774,10668,0,'Íüåâð'),(10776,10668,0,'Î-äå-Ñåí'),(10794,10668,0,'Îá'),(10866,10668,0,'Ýíäð è Ëóàðà'),(10868,10668,0,'Ýð'),(10870,10668,0,'Ýðî'),(10892,10874,0,'Olomoucky'),(10896,10874,0,'Stredochesky'),(10898,10874,0,'Ustecky'),(10905,10904,0,'Àðãàó'),(10908,10904,0,'Áàçåëü-Øòàäò'),(10910,10904,0,'Áåðí'),(10914,10904,0,'Âî'),(10916,10904,0,'Æåíåâà'),(10918,10904,0,'Çîëîòóðí'),(10934,10933,0,'Skine'),(10938,10933,0,'Vastra Gotaland'),(10942,10933,0,'Âåðìëàíä'),(10944,10933,0,'Âåñòåðáîòòåí'),(10946,10933,0,'Âåñòåðíîðëàíä'),(10948,10933,0,'Âåñòìàíëàíä'),(10964,10933,0,'Õàëëàíä'),(10966,10933,0,'Ýñòåðéåòëàíä'),(10969,10968,0,'Ýñòîíèÿ'),(11031,11014,0,'Kangweon'),(11050,11014,0,'Pusan'),(11052,11014,0,'Seoul'),(11054,11014,0,'Taegu'),(11056,11014,0,'Taejeon'),(11058,11014,0,'Ulsan'),(11068,11060,0,'Àêèòà'),(11074,11060,0,'Àîìîðè'),(11088,11060,0,'Ãóììà'),(277564,277563,0,'Ìàëàéçèÿ'),(277566,277565,0,'Ñèíãàïóð'),(277665,10933,0,'Øâåöèÿ'),(277666,10904,0,'Øâåéöàðèÿ'),(277670,10874,0,'×åõèÿ'),(277672,5681,0,'ÑØÀ'),(1998532,3159,0,'Àäûãåÿ'),(2316497,3159,0,'Õàêàñèÿ'),(2412885,582031,0,'Ñàíòüÿãî'),(2416357,1786,0,'î. Ñàí-Äæîðäæî Ìàäæîðå'),(2494137,582060,0,'Áåéðóò'),(2505921,2505884,0,'Áåéðóò'),(2564700,1894,0,'Àêìîëèíñêàÿ îáë.'),(2687732,2687701,0,'Óëàí-áàòîð'),(3024114,1012,0,'Ñààðëýíä'),(3663676,582041,0,'Ñêîïüå'),(4042477,582065,0,'Ìîðîêêî'),(5640862,582090,0,'Tunisia'),(6128546,582050,0,'Òàéëàíä'),(6128697,582082,0,'Ìîçàìáèê'),(6460443,582043,0,'Ìàëüòà'),(7719907,582064,0,'Ïè÷èí÷à');
/*!40000 ALTER TABLE `region` ENABLE KEYS */;
UNLOCK TABLES;

--
-- Table structure for table `reviews`
--

DROP TABLE IF EXISTS `reviews`;
/*!40101 SET @saved_cs_client     = @@character_set_client */;
/*!40101 SET character_set_client = utf8 */;
CREATE TABLE `reviews` (
  `review_id` int(11) unsigned NOT NULL AUTO_INCREMENT,
  `name` varchar(255) CHARACTER SET utf8 COLLATE utf8_bin DEFAULT NULL,
  `email` varchar(255) CHARACTER SET utf8 COLLATE utf8_bin DEFAULT NULL,
  `text` varchar(1023) CHARACTER SET utf8 COLLATE utf8_bin DEFAULT NULL,
  `rating` int(1) unsigned DEFAULT NULL,
  `product_id` int(11) unsigned NOT NULL,
  `customer_id` int(11) unsigned NOT NULL,
  PRIMARY KEY (`review_id`),
  KEY `customer_id` (`customer_id`),
  KEY `product_id` (`product_id`),
  CONSTRAINT `reviews_ibfk_1` FOREIGN KEY (`customer_id`) REFERENCES `customers` (`customer_id`) ON DELETE CASCADE ON UPDATE CASCADE,
  CONSTRAINT `reviews_ibfk_2` FOREIGN KEY (`product_id`) REFERENCES `products` (`product_id`) ON DELETE CASCADE ON UPDATE CASCADE
) ENGINE=InnoDB AUTO_INCREMENT=25 DEFAULT CHARSET=utf8;
/*!40101 SET character_set_client = @saved_cs_client */;

--
-- Dumping data for table `reviews`
--

LOCK TABLES `reviews` WRITE;
/*!40000 ALTER TABLE `reviews` DISABLE KEYS */;
INSERT INTO `reviews` VALUES (22,'lolka','dog@gmail.com','bad',1,1,1),(23,'petrovich','','good',5,1,1),(24,'qwerty','','no',2,1,1);
/*!40000 ALTER TABLE `reviews` ENABLE KEYS */;
UNLOCK TABLES;

--
-- Table structure for table `sellers`
--

DROP TABLE IF EXISTS `sellers`;
/*!40101 SET @saved_cs_client     = @@character_set_client */;
/*!40101 SET character_set_client = utf8 */;
CREATE TABLE `sellers` (
  `seller_id` int(11) unsigned NOT NULL AUTO_INCREMENT,
  `name` varchar(255) CHARACTER SET utf8 COLLATE utf8_bin DEFAULT NULL,
  `city` varchar(255) CHARACTER SET utf8 COLLATE utf8_bin DEFAULT NULL,
  `commission` decimal(10,2) DEFAULT NULL,
  PRIMARY KEY (`seller_id`)
) ENGINE=InnoDB AUTO_INCREMENT=5 DEFAULT CHARSET=utf8;
/*!40101 SET character_set_client = @saved_cs_client */;

--
-- Dumping data for table `sellers`
--

LOCK TABLES `sellers` WRITE;
/*!40000 ALTER TABLE `sellers` DISABLE KEYS */;
INSERT INTO `sellers` VALUES (1,'Aleksandr','Taganrog',50012.00),(2,'Daniil','Taganrog',52142.00),(3,'Stanislav','Rostov-na-Donu',21112.00),(4,'Masha','Rostov-na-Donu',1112.00);
/*!40000 ALTER TABLE `sellers` ENABLE KEYS */;
UNLOCK TABLES;
/*!40103 SET TIME_ZONE=@OLD_TIME_ZONE */;

/*!40101 SET SQL_MODE=@OLD_SQL_MODE */;
/*!40014 SET FOREIGN_KEY_CHECKS=@OLD_FOREIGN_KEY_CHECKS */;
/*!40014 SET UNIQUE_CHECKS=@OLD_UNIQUE_CHECKS */;
/*!40101 SET CHARACTER_SET_CLIENT=@OLD_CHARACTER_SET_CLIENT */;
/*!40101 SET CHARACTER_SET_RESULTS=@OLD_CHARACTER_SET_RESULTS */;
/*!40101 SET COLLATION_CONNECTION=@OLD_COLLATION_CONNECTION */;
/*!40111 SET SQL_NOTES=@OLD_SQL_NOTES */;

-- Dump completed on 2014-04-01 20:00:32
